,Site Num,Address,County,City,Date Local,NO2 Units,NO2 Mean,O3 Units,O3 Mean,SO2 Units,SO2 Mean,CO Units,CO Mean
4648,4006,"2425 Webster St., Long Beach, CA",Los Angeles,Long Beach,2013-01-01,Parts per billion,27.231818,Parts per million,0.007875,Parts per billion,0.709091,Parts per million,1.109091
4652,4006,"2425 Webster St., Long Beach, CA",Los Angeles,Long Beach,2013-01-02,Parts per billion,42.086364,Parts per million,0.00525,Parts per billion,1.4136360000000001,Parts per million,1.15
4656,4006,"2425 Webster St., Long Beach, CA",Los Angeles,Long Beach,2013-01-03,Parts per billion,49.722727,Parts per million,0.00375,Parts per billion,1.604545,Parts per million,1.340909
4660,4006,"2425 Webster St., Long Beach, CA",Los Angeles,Long Beach,2013-01-04,Parts per billion,45.022727,Parts per million,0.003667,Parts per billion,1.609091,Parts per million,1.159091
4664,4006,"2425 Webster St., Long Beach, CA",Los Angeles,Long Beach,2013-01-05,Parts per billion,41.286364,Parts per million,0.005083,Parts per billion,1.4136360000000001,Parts per million,1.2
4668,4006,"2425 Webster St., Long Beach, CA",Los Angeles,Long Beach,2013-01-06,Parts per billion,21.568182,Parts per million,0.015916999999999997,Parts per billion,0.195455,Parts per million,0.718182
4672,4006,"2425 Webster St., Long Beach, CA",Los Angeles,Long Beach,2013-01-07,Parts per billion,31.486364000000002,Parts per million,0.009375,Parts per billion,0.909091,Parts per million,0.909091
4676,4006,"2425 Webster St., Long Beach, CA",Los Angeles,Long Beach,2013-01-08,Parts per billion,37.35,Parts per million,0.0034579999999999997,Parts per billion,1.209091,Parts per million,1.227273
4680,4006,"2425 Webster St., Long Beach, CA",Los Angeles,Long Beach,2013-01-09,Parts per billion,43.540909,Parts per million,0.002667,Parts per billion,1.609091,Parts per million,1.35
4684,4006,"2425 Webster St., Long Beach, CA",Los Angeles,Long Beach,2013-01-10,Parts per billion,18.586364,Parts per million,0.02425,Parts per billion,0.486364,Parts per million,0.368182
4688,4006,"2425 Webster St., Long Beach, CA",Los Angeles,Long Beach,2013-01-11,Parts per billion,20.345454999999998,Parts per million,0.020083,Parts per billion,0.559091,Parts per million,0.418182
4692,4006,"2425 Webster St., Long Beach, CA",Los Angeles,Long Beach,2013-01-12,Parts per billion,27.022727000000003,Parts per million,0.01075,Parts per billion,0.65,Parts per million,0.7318180000000001
4696,4006,"2425 Webster St., Long Beach, CA",Los Angeles,Long Beach,2013-01-13,Parts per billion,25.659091,Parts per million,0.015208000000000001,Parts per billion,1.104545,Parts per million,0.8
4700,4006,"2425 Webster St., Long Beach, CA",Los Angeles,Long Beach,2013-01-14,Parts per billion,30.195455,Parts per million,0.013041999999999998,Parts per billion,0.85,Parts per million,0.618182
4704,4006,"2425 Webster St., Long Beach, CA",Los Angeles,Long Beach,2013-01-15,Parts per billion,38.722727,Parts per million,0.009583,Parts per billion,2.086364,Parts per million,1.004545
4708,4006,"2425 Webster St., Long Beach, CA",Los Angeles,Long Beach,2013-01-16,Parts per billion,49.627272999999995,Parts per million,0.002875,Parts per billion,2.204545,Parts per million,1.159091
4712,4006,"2425 Webster St., Long Beach, CA",Los Angeles,Long Beach,2013-01-17,Parts per billion,51.840909,Parts per million,0.004458,Parts per billion,2.227273,Parts per million,1.4136360000000001
4716,4006,"2425 Webster St., Long Beach, CA",Los Angeles,Long Beach,2013-01-18,Parts per billion,45.668182,Parts per million,0.004125,Parts per billion,1.931818,Parts per million,1.022727
4720,4006,"2425 Webster St., Long Beach, CA",Los Angeles,Long Beach,2013-01-19,Parts per billion,41.772727,Parts per million,0.007083,Parts per billion,1.6636360000000001,Parts per million,0.931818
4724,4006,"2425 Webster St., Long Beach, CA",Los Angeles,Long Beach,2013-01-20,Parts per billion,29.272727000000003,Parts per million,0.01275,Parts per billion,1.563636,Parts per million,0.7136359999999999
4728,4006,"2425 Webster St., Long Beach, CA",Los Angeles,Long Beach,2013-01-21,Parts per billion,49.081818,Parts per million,0.0045,Parts per billion,2.727273,Parts per million,1.077273
4732,4006,"2425 Webster St., Long Beach, CA",Los Angeles,Long Beach,2013-01-22,Parts per billion,52.936364000000005,Parts per million,0.003042,Parts per billion,3.040909,Parts per million,1.231818
4736,4006,"2425 Webster St., Long Beach, CA",Los Angeles,Long Beach,2013-01-23,Parts per billion,40.833333,Parts per million,0.009333,Parts per billion,1.7777779999999999,Parts per million,1.222222
4740,4006,"2425 Webster St., Long Beach, CA",Los Angeles,Long Beach,2013-01-24,Parts per billion,19.313636,Parts per million,0.0075,Parts per billion,0.227273,Parts per million,0.618182
4744,4006,"2425 Webster St., Long Beach, CA",Los Angeles,Long Beach,2013-01-25,Parts per billion,26.995455,Parts per million,0.002208,Parts per billion,0.3,Parts per million,0.663636
4748,4006,"2425 Webster St., Long Beach, CA",Los Angeles,Long Beach,2013-01-26,Parts per billion,19.690909,Parts per million,0.01,Parts per billion,0.42727299999999996,Parts per million,0.45909099999999997
4752,4006,"2425 Webster St., Long Beach, CA",Los Angeles,Long Beach,2013-01-27,Parts per billion,9.581818,Parts per million,0.026833,Parts per billion,0.372727,Parts per million,0.327273
4756,4006,"2425 Webster St., Long Beach, CA",Los Angeles,Long Beach,2013-01-28,Parts per billion,14.431818,Parts per million,0.02325,Parts per billion,0.763636,Parts per million,0.354545
4760,4006,"2425 Webster St., Long Beach, CA",Los Angeles,Long Beach,2013-01-29,Parts per billion,27.8,Parts per million,0.00825,Parts per billion,1.018182,Parts per million,0.718182
4764,4006,"2425 Webster St., Long Beach, CA",Los Angeles,Long Beach,2013-01-30,Parts per billion,39.768182,Parts per million,0.004582999999999999,Parts per billion,2.218182,Parts per million,1.0363639999999998
4768,4006,"2425 Webster St., Long Beach, CA",Los Angeles,Long Beach,2013-01-31,Parts per billion,41.340909,Parts per million,0.00625,Parts per billion,2.445455,Parts per million,1.081818
4772,4006,"2425 Webster St., Long Beach, CA",Los Angeles,Long Beach,2013-02-01,Parts per billion,42.613636,Parts per million,0.003583,Parts per billion,1.809091,Parts per million,1.1636360000000001
4776,4006,"2425 Webster St., Long Beach, CA",Los Angeles,Long Beach,2013-02-02,Parts per billion,33.809090999999995,Parts per million,0.005667,Parts per billion,3.4454550000000004,Parts per million,0.95
4780,4006,"2425 Webster St., Long Beach, CA",Los Angeles,Long Beach,2013-02-03,Parts per billion,22.922727,Parts per million,0.010917,Parts per billion,1.081818,Parts per million,0.618182
4784,4006,"2425 Webster St., Long Beach, CA",Los Angeles,Long Beach,2013-02-04,Parts per billion,21.636364,Parts per million,0.018542,Parts per billion,1.672727,Parts per million,0.454545
4788,4006,"2425 Webster St., Long Beach, CA",Los Angeles,Long Beach,2013-02-05,Parts per billion,18.8875,Parts per million,0.021922999999999998,Parts per billion,0.56875,Parts per million,0.39375
4792,4006,"2425 Webster St., Long Beach, CA",Los Angeles,Long Beach,2013-02-06,Parts per billion,25.468421,Parts per million,0.017708,Parts per billion,0.9227270000000001,Parts per million,0.41363599999999995
4796,4006,"2425 Webster St., Long Beach, CA",Los Angeles,Long Beach,2013-02-07,Parts per billion,29.147059000000002,Parts per million,0.025571,Parts per billion,0.694118,Parts per million,0.7588239999999999
4800,4006,"2425 Webster St., Long Beach, CA",Los Angeles,Long Beach,2013-02-08,Parts per billion,21.20625,Parts per million,0.014231,Parts per billion,0.31875,Parts per million,0.44375
4804,4006,"2425 Webster St., Long Beach, CA",Los Angeles,Long Beach,2013-02-09,Parts per billion,23.559091,Parts per million,0.014125,Parts per billion,0.659091,Parts per million,0.690909
4808,4006,"2425 Webster St., Long Beach, CA",Los Angeles,Long Beach,2013-02-10,Parts per billion,19.245455,Parts per million,0.017958000000000002,Parts per billion,0.586364,Parts per million,0.5181819999999999
4812,4006,"2425 Webster St., Long Beach, CA",Los Angeles,Long Beach,2013-02-11,Parts per billion,26.727272999999997,Parts per million,0.015125,Parts per billion,1.113636,Parts per million,0.759091
4816,4006,"2425 Webster St., Long Beach, CA",Los Angeles,Long Beach,2013-02-12,Parts per billion,30.977272999999997,Parts per million,0.013541999999999998,Parts per billion,1.331818,Parts per million,0.754545
4820,4006,"2425 Webster St., Long Beach, CA",Los Angeles,Long Beach,2013-02-13,Parts per billion,39.527778000000005,Parts per million,0.003882,Parts per billion,1.4222219999999999,Parts per million,0.9722219999999999
4824,4006,"2425 Webster St., Long Beach, CA",Los Angeles,Long Beach,2013-02-14,Parts per billion,48.786364,Parts per million,0.006625,Parts per billion,3.190909,Parts per million,1.104545
4828,4006,"2425 Webster St., Long Beach, CA",Los Angeles,Long Beach,2013-02-15,Parts per billion,44.8,Parts per million,0.008,Parts per billion,1.7863639999999998,Parts per million,1.136364
4832,4006,"2425 Webster St., Long Beach, CA",Los Angeles,Long Beach,2013-02-16,Parts per billion,27.359090999999996,Parts per million,0.021458,Parts per billion,2.086364,Parts per million,0.618182
4836,4006,"2425 Webster St., Long Beach, CA",Los Angeles,Long Beach,2013-02-17,Parts per billion,14.686364000000001,Parts per million,0.032542,Parts per billion,0.418182,Parts per million,0.522727
4840,4006,"2425 Webster St., Long Beach, CA",Los Angeles,Long Beach,2013-02-18,Parts per billion,7.386364,Parts per million,0.038375,Parts per billion,0.336364,Parts per million,0.322727
4844,4006,"2425 Webster St., Long Beach, CA",Los Angeles,Long Beach,2013-02-19,Parts per billion,8.05,Parts per million,0.036000000000000004,Parts per billion,0.02,Parts per million,0.37
4848,4006,"2425 Webster St., Long Beach, CA",Los Angeles,Long Beach,2013-02-20,Parts per billion,18.755556,Parts per million,0.015364,Parts per billion,0.288889,Parts per million,0.4
4852,4006,"2425 Webster St., Long Beach, CA",Los Angeles,Long Beach,2013-02-21,Parts per billion,29.982353000000003,Parts per million,0.012429,Parts per billion,1.2294120000000002,Parts per million,0.564706
4856,4006,"2425 Webster St., Long Beach, CA",Los Angeles,Long Beach,2013-02-22,Parts per billion,28.831818,Parts per million,0.01475,Parts per billion,1.577273,Parts per million,0.7
4860,4006,"2425 Webster St., Long Beach, CA",Los Angeles,Long Beach,2013-02-23,Parts per billion,26.440909,Parts per million,0.015208000000000001,Parts per billion,1.431818,Parts per million,0.781818
4864,4006,"2425 Webster St., Long Beach, CA",Los Angeles,Long Beach,2013-02-24,Parts per billion,15.768182000000001,Parts per million,0.024041999999999997,Parts per billion,0.85,Parts per million,0.5363640000000001
4868,4006,"2425 Webster St., Long Beach, CA",Los Angeles,Long Beach,2013-02-25,Parts per billion,35.568182,Parts per million,0.011708,Parts per billion,2.1272729999999997,Parts per million,0.727273
4872,4006,"2425 Webster St., Long Beach, CA",Los Angeles,Long Beach,2013-02-26,Parts per billion,39.372727000000005,Parts per million,0.010458,Parts per billion,2.440909,Parts per million,0.845455
4876,4006,"2425 Webster St., Long Beach, CA",Los Angeles,Long Beach,2013-02-27,Parts per billion,39.127272999999995,Parts per million,0.013916999999999999,Parts per billion,1.054545,Parts per million,0.8
4880,4006,"2425 Webster St., Long Beach, CA",Los Angeles,Long Beach,2013-02-28,Parts per billion,41.368182,Parts per million,0.014875,Parts per billion,2.145455,Parts per million,0.8954549999999999
4884,4006,"2425 Webster St., Long Beach, CA",Los Angeles,Long Beach,2013-03-01,Parts per billion,45.540909,Parts per million,0.013583000000000001,Parts per billion,2.818182,Parts per million,0.840909
4888,4006,"2425 Webster St., Long Beach, CA",Los Angeles,Long Beach,2013-03-02,Parts per billion,31.318182,Parts per million,0.022917,Parts per billion,3.872727,Parts per million,0.777273
4892,4006,"2425 Webster St., Long Beach, CA",Los Angeles,Long Beach,2013-03-03,Parts per billion,15.359091000000001,Parts per million,0.021333,Parts per billion,1.422727,Parts per million,0.409091
4896,4006,"2425 Webster St., Long Beach, CA",Los Angeles,Long Beach,2013-03-04,Parts per billion,15.804545000000001,Parts per million,0.019875,Parts per billion,0.759091,Parts per million,0.377273
4900,4006,"2425 Webster St., Long Beach, CA",Los Angeles,Long Beach,2013-03-05,Parts per billion,16.345454999999998,Parts per million,0.026417000000000003,Parts per billion,0.17727300000000001,Parts per million,0.377273
4904,4006,"2425 Webster St., Long Beach, CA",Los Angeles,Long Beach,2013-03-06,Parts per billion,13.042857000000001,Parts per million,0.026333,Parts per billion,0.366667,Parts per million,0.39047600000000005
4908,4006,"2425 Webster St., Long Beach, CA",Los Angeles,Long Beach,2013-03-07,Parts per billion,8.808696000000001,Parts per million,0.030083,Parts per billion,0.21304299999999998,Parts per million,0.330435
4912,4006,"2425 Webster St., Long Beach, CA",Los Angeles,Long Beach,2013-03-08,Parts per billion,10.759091,Parts per million,0.030583,Parts per billion,0.059091,Parts per million,0.368182
4916,4006,"2425 Webster St., Long Beach, CA",Los Angeles,Long Beach,2013-03-09,Parts per billion,12.213042999999999,Parts per million,0.022208000000000002,Parts per billion,0.256522,Parts per million,0.404348
4920,4006,"2425 Webster St., Long Beach, CA",Los Angeles,Long Beach,2013-03-10,Parts per billion,19.691304000000002,Parts per million,0.018333000000000002,Parts per billion,0.43913,Parts per million,0.652174
4924,4006,"2425 Webster St., Long Beach, CA",Los Angeles,Long Beach,2013-03-11,Parts per billion,28.491304,Parts per million,0.015833,Parts per billion,1.0782610000000001,Parts per million,0.743478
4928,4006,"2425 Webster St., Long Beach, CA",Los Angeles,Long Beach,2013-03-12,Parts per billion,33.177273,Parts per million,0.017833,Parts per billion,1.4136360000000001,Parts per million,0.759091
4932,4006,"2425 Webster St., Long Beach, CA",Los Angeles,Long Beach,2013-03-13,Parts per billion,32.182609,Parts per million,0.019833,Parts per billion,0.952174,Parts per million,0.634783
4936,4006,"2425 Webster St., Long Beach, CA",Los Angeles,Long Beach,2013-03-14,Parts per billion,25.6,Parts per million,0.020375,Parts per billion,0.791304,Parts per million,0.530435
4940,4006,"2425 Webster St., Long Beach, CA",Los Angeles,Long Beach,2013-03-15,Parts per billion,18.786957,Parts per million,0.024166999999999998,Parts per billion,0.208696,Parts per million,0.417391
4944,4006,"2425 Webster St., Long Beach, CA",Los Angeles,Long Beach,2013-03-16,Parts per billion,7.926087,Parts per million,0.040625,Parts per billion,0.0043479999999999994,Parts per million,0.33913000000000004
4948,4006,"2425 Webster St., Long Beach, CA",Los Angeles,Long Beach,2013-03-17,Parts per billion,5.969565,Parts per million,0.046875,Parts per billion,0.0,Parts per million,0.326087
4952,4006,"2425 Webster St., Long Beach, CA",Los Angeles,Long Beach,2013-03-18,Parts per billion,12.2,Parts per million,0.034542,Parts per billion,0.017391,Parts per million,0.4
4956,4006,"2425 Webster St., Long Beach, CA",Los Angeles,Long Beach,2013-03-19,Parts per billion,22.163636,Parts per million,0.023375,Parts per billion,0.468182,Parts per million,0.481818
4960,4006,"2425 Webster St., Long Beach, CA",Los Angeles,Long Beach,2013-03-20,Parts per billion,30.0875,Parts per million,0.024125,Parts per billion,0.9105260000000001,Parts per million,0.557895
4964,4006,"2425 Webster St., Long Beach, CA",Los Angeles,Long Beach,2013-04-16,Parts per billion,14.436842,Parts per million,0.0335,Parts per billion,0.418182,Parts per million,0.363636
4968,4006,"2425 Webster St., Long Beach, CA",Los Angeles,Long Beach,2013-04-17,Parts per billion,17.447826,Parts per million,0.027583,Parts per billion,0.45652200000000004,Parts per million,0.386957
4972,4006,"2425 Webster St., Long Beach, CA",Los Angeles,Long Beach,2013-04-18,Parts per billion,25.947826,Parts per million,0.027167,Parts per billion,0.5217390000000001,Parts per million,0.543478
4976,4006,"2425 Webster St., Long Beach, CA",Los Angeles,Long Beach,2013-04-19,Parts per billion,30.308696,Parts per million,0.03025,Parts per billion,0.969565,Parts per million,0.634783
4980,4006,"2425 Webster St., Long Beach, CA",Los Angeles,Long Beach,2013-04-20,Parts per billion,13.813042999999999,Parts per million,0.036417000000000005,Parts per billion,0.378261,Parts per million,0.426087
4984,4006,"2425 Webster St., Long Beach, CA",Los Angeles,Long Beach,2013-04-21,Parts per billion,6.626086999999999,Parts per million,0.036042000000000005,Parts per billion,0.013043,Parts per million,0.36956500000000003
4988,4006,"2425 Webster St., Long Beach, CA",Los Angeles,Long Beach,2013-04-22,Parts per billion,7.730435000000001,Parts per million,0.039375,Parts per billion,0.321739,Parts per million,0.373913
4992,4006,"2425 Webster St., Long Beach, CA",Los Angeles,Long Beach,2013-04-23,Parts per billion,8.5,Parts per million,0.035941,Parts per billion,0.22222199999999998,Parts per million,0.394444
4996,4006,"2425 Webster St., Long Beach, CA",Los Angeles,Long Beach,2013-04-24,Parts per billion,9.43913,Parts per million,0.035542000000000004,Parts per billion,0.195652,Parts per million,0.365217
5000,4006,"2425 Webster St., Long Beach, CA",Los Angeles,Long Beach,2013-04-25,Parts per billion,10.982609,Parts per million,0.027833,Parts per billion,0.356522,Parts per million,0.347826
5004,4006,"2425 Webster St., Long Beach, CA",Los Angeles,Long Beach,2013-04-26,Parts per billion,14.865217000000001,Parts per million,0.022042,Parts per billion,0.482609,Parts per million,0.395652
5008,4006,"2425 Webster St., Long Beach, CA",Los Angeles,Long Beach,2013-04-27,Parts per billion,14.15,Parts per million,0.029375,Parts per billion,0.8272729999999999,Parts per million,0.422727
5012,4006,"2425 Webster St., Long Beach, CA",Los Angeles,Long Beach,2013-04-28,Parts per billion,8.240909,Parts per million,0.0395,Parts per billion,0.07727300000000001,Parts per million,0.381818
5016,4006,"2425 Webster St., Long Beach, CA",Los Angeles,Long Beach,2013-04-29,Parts per billion,8.518182000000001,Parts per million,0.034707999999999996,Parts per billion,0.122727,Parts per million,0.340909
5020,4006,"2425 Webster St., Long Beach, CA",Los Angeles,Long Beach,2013-04-30,Parts per billion,4.363636,Parts per million,0.04025,Parts per billion,0.0,Parts per million,0.35
5024,4006,"2425 Webster St., Long Beach, CA",Los Angeles,Long Beach,2013-05-01,Parts per billion,11.422727,Parts per million,0.031625,Parts per billion,0.081818,Parts per million,0.368182
5028,4006,"2425 Webster St., Long Beach, CA",Los Angeles,Long Beach,2013-05-02,Parts per billion,23.55,Parts per million,0.027917,Parts per billion,0.47272700000000006,Parts per million,0.47727299999999995
5032,4006,"2425 Webster St., Long Beach, CA",Los Angeles,Long Beach,2013-05-03,Parts per billion,35.204545,Parts per million,0.043375,Parts per billion,1.0318180000000001,Parts per million,0.622727
5036,4006,"2425 Webster St., Long Beach, CA",Los Angeles,Long Beach,2013-05-04,Parts per billion,3.754545,Parts per million,0.049457999999999995,Parts per billion,0.0,Parts per million,0.359091
5040,4006,"2425 Webster St., Long Beach, CA",Los Angeles,Long Beach,2013-05-05,Parts per billion,2.331818,Parts per million,0.044458,Parts per billion,0.0,Parts per million,0.331818
5044,4006,"2425 Webster St., Long Beach, CA",Los Angeles,Long Beach,2013-05-06,Parts per billion,7.127273,Parts per million,0.026708,Parts per billion,0.0,Parts per million,0.322727
5048,4006,"2425 Webster St., Long Beach, CA",Los Angeles,Long Beach,2013-05-07,Parts per billion,14.245454999999998,Parts per million,0.03,Parts per billion,0.07727300000000001,Parts per million,0.377273
5052,4006,"2425 Webster St., Long Beach, CA",Los Angeles,Long Beach,2013-05-08,Parts per billion,12.309091,Parts per million,0.02775,Parts per billion,0.227273,Parts per million,0.336364
5056,4006,"2425 Webster St., Long Beach, CA",Los Angeles,Long Beach,2013-05-09,Parts per billion,17.614286,Parts per million,0.023833,Parts per billion,0.12380999999999999,Parts per million,0.404762
5060,4006,"2425 Webster St., Long Beach, CA",Los Angeles,Long Beach,2013-05-10,Parts per billion,13.454545000000001,Parts per million,0.027458,Parts per billion,0.236364,Parts per million,0.404545
5064,4006,"2425 Webster St., Long Beach, CA",Los Angeles,Long Beach,2013-05-11,Parts per billion,12.9,Parts per million,0.034082999999999995,Parts per billion,0.0,Parts per million,0.386364
5068,4006,"2425 Webster St., Long Beach, CA",Los Angeles,Long Beach,2013-05-12,Parts per billion,16.340909,Parts per million,0.033832999999999995,Parts per billion,0.513636,Parts per million,0.44545500000000005
5072,4006,"2425 Webster St., Long Beach, CA",Los Angeles,Long Beach,2013-05-13,Parts per billion,23.954545,Parts per million,0.028707999999999997,Parts per billion,0.8136359999999999,Parts per million,0.43636400000000003
5076,4006,"2425 Webster St., Long Beach, CA",Los Angeles,Long Beach,2013-05-14,Parts per billion,14.727273,Parts per million,0.023916999999999997,Parts per billion,0.331818,Parts per million,0.368182
5080,4006,"2425 Webster St., Long Beach, CA",Los Angeles,Long Beach,2013-05-15,Parts per billion,10.827273,Parts per million,0.035375,Parts per billion,0.031818,Parts per million,0.35
5084,4006,"2425 Webster St., Long Beach, CA",Los Angeles,Long Beach,2013-05-16,Parts per billion,10.404544999999999,Parts per million,0.033375,Parts per billion,0.409091,Parts per million,0.359091
5088,4006,"2425 Webster St., Long Beach, CA",Los Angeles,Long Beach,2013-05-17,Parts per billion,9.845455000000001,Parts per million,0.031208,Parts per billion,0.145455,Parts per million,0.354545
5092,4006,"2425 Webster St., Long Beach, CA",Los Angeles,Long Beach,2013-05-18,Parts per billion,9.390908999999999,Parts per million,0.028999999999999998,Parts per billion,0.004545,Parts per million,0.35
5096,4006,"2425 Webster St., Long Beach, CA",Los Angeles,Long Beach,2013-05-19,Parts per billion,7.7,Parts per million,0.035375,Parts per billion,0.136364,Parts per million,0.340909
5100,4006,"2425 Webster St., Long Beach, CA",Los Angeles,Long Beach,2013-05-20,Parts per billion,10.409091,Parts per million,0.035417000000000004,Parts per billion,0.26818200000000003,Parts per million,0.363636
5104,4006,"2425 Webster St., Long Beach, CA",Los Angeles,Long Beach,2013-05-21,Parts per billion,9.118182000000001,Parts per million,0.039917,Parts per billion,0.095455,Parts per million,0.359091
5108,4006,"2425 Webster St., Long Beach, CA",Los Angeles,Long Beach,2013-05-22,Parts per billion,8.836364,Parts per million,0.038042,Parts per billion,0.004545,Parts per million,0.35
5112,4006,"2425 Webster St., Long Beach, CA",Los Angeles,Long Beach,2013-05-23,Parts per billion,8.404544999999999,Parts per million,0.03325,Parts per billion,0.086364,Parts per million,0.336364
5116,4006,"2425 Webster St., Long Beach, CA",Los Angeles,Long Beach,2013-05-24,Parts per billion,11.25,Parts per million,0.034332999999999995,Parts per billion,0.027273000000000002,Parts per million,0.381818
5120,4006,"2425 Webster St., Long Beach, CA",Los Angeles,Long Beach,2013-05-25,Parts per billion,6.209091,Parts per million,0.0365,Parts per billion,0.21363600000000002,Parts per million,0.331818
5124,4006,"2425 Webster St., Long Beach, CA",Los Angeles,Long Beach,2013-05-26,Parts per billion,7.372727,Parts per million,0.030625,Parts per billion,0.05,Parts per million,0.340909
5128,4006,"2425 Webster St., Long Beach, CA",Los Angeles,Long Beach,2013-05-27,Parts per billion,6.659091,Parts per million,0.029582999999999998,Parts per billion,0.313636,Parts per million,0.309091
5132,4006,"2425 Webster St., Long Beach, CA",Los Angeles,Long Beach,2013-05-28,Parts per billion,8.613636,Parts per million,0.02325,Parts per billion,0.42727299999999996,Parts per million,0.318182
5136,4006,"2425 Webster St., Long Beach, CA",Los Angeles,Long Beach,2013-05-29,Parts per billion,12.019048,Parts per million,0.023708,Parts per billion,0.43333299999999997,Parts per million,0.32381
5140,4006,"2425 Webster St., Long Beach, CA",Los Angeles,Long Beach,2013-05-30,Parts per billion,8.285714,Parts per million,0.030777999999999996,Parts per billion,0.166667,Parts per million,0.314286
5144,4006,"2425 Webster St., Long Beach, CA",Los Angeles,Long Beach,2013-05-31,Parts per billion,7.7875,Parts per million,0.037917,Parts per billion,0.533333,Parts per million,0.35
5148,4006,"2425 Webster St., Long Beach, CA",Los Angeles,Long Beach,2013-06-01,Parts per billion,7.068182000000001,Parts per million,0.046875,Parts per billion,0.377273,Parts per million,0.35
5152,4006,"2425 Webster St., Long Beach, CA",Los Angeles,Long Beach,2013-06-02,Parts per billion,2.272727,Parts per million,0.046,Parts per billion,0.0,Parts per million,0.327273
5156,4006,"2425 Webster St., Long Beach, CA",Los Angeles,Long Beach,2013-06-03,Parts per billion,5.3090910000000004,Parts per million,0.036375,Parts per billion,0.05,Parts per million,0.322727
5160,4006,"2425 Webster St., Long Beach, CA",Los Angeles,Long Beach,2013-06-04,Parts per billion,8.022727,Parts per million,0.032958,Parts per billion,0.25,Parts per million,0.331818
5164,4006,"2425 Webster St., Long Beach, CA",Los Angeles,Long Beach,2013-06-05,Parts per billion,10.581818,Parts per million,0.030792,Parts per billion,0.104545,Parts per million,0.336364
5168,4006,"2425 Webster St., Long Beach, CA",Los Angeles,Long Beach,2013-06-06,Parts per billion,12.545455,Parts per million,0.027875,Parts per billion,0.377273,Parts per million,0.340909
5172,4006,"2425 Webster St., Long Beach, CA",Los Angeles,Long Beach,2013-06-07,Parts per billion,12.717647,Parts per million,0.027429000000000002,Parts per billion,0.329412,Parts per million,0.37058800000000003
5176,4006,"2425 Webster St., Long Beach, CA",Los Angeles,Long Beach,2013-06-08,Parts per billion,4.836364,Parts per million,0.033957999999999995,Parts per billion,0.013636,Parts per million,0.3
5180,4006,"2425 Webster St., Long Beach, CA",Los Angeles,Long Beach,2013-06-09,Parts per billion,5.390909,Parts per million,0.0325,Parts per billion,0.004545,Parts per million,0.3
5184,4006,"2425 Webster St., Long Beach, CA",Los Angeles,Long Beach,2013-06-10,Parts per billion,8.927273,Parts per million,0.0245,Parts per billion,0.327273,Parts per million,0.313636
5188,4006,"2425 Webster St., Long Beach, CA",Los Angeles,Long Beach,2013-06-11,Parts per billion,16.140909,Parts per million,0.018583000000000002,Parts per billion,0.331818,Parts per million,0.359091
5192,4006,"2425 Webster St., Long Beach, CA",Los Angeles,Long Beach,2013-06-12,Parts per billion,10.25,Parts per million,0.027999999999999997,Parts per billion,0.14090899999999998,Parts per million,0.30454499999999995
5196,4006,"2425 Webster St., Long Beach, CA",Los Angeles,Long Beach,2013-06-13,Parts per billion,12.254545,Parts per million,0.029375,Parts per billion,0.5818180000000001,Parts per million,0.331818
5200,4006,"2425 Webster St., Long Beach, CA",Los Angeles,Long Beach,2013-06-14,Parts per billion,7.386364,Parts per million,0.033167,Parts per billion,0.059091,Parts per million,0.309091
5204,4006,"2425 Webster St., Long Beach, CA",Los Angeles,Long Beach,2013-06-15,Parts per billion,5.0727269999999995,Parts per million,0.039167,Parts per billion,0.231818,Parts per million,0.3
5208,4006,"2425 Webster St., Long Beach, CA",Los Angeles,Long Beach,2013-06-16,Parts per billion,8.813636,Parts per million,0.032917,Parts per billion,0.513636,Parts per million,0.313636
5212,4006,"2425 Webster St., Long Beach, CA",Los Angeles,Long Beach,2013-06-17,Parts per billion,15.927273000000001,Parts per million,0.025667000000000002,Parts per billion,0.559091,Parts per million,0.331818
5216,4006,"2425 Webster St., Long Beach, CA",Los Angeles,Long Beach,2013-06-18,Parts per billion,11.577273,Parts per million,0.028917,Parts per billion,0.245455,Parts per million,0.30454499999999995
5220,4006,"2425 Webster St., Long Beach, CA",Los Angeles,Long Beach,2013-06-19,Parts per billion,15.681818,Parts per million,0.023625,Parts per billion,0.47727299999999995,Parts per million,0.322727
5224,4006,"2425 Webster St., Long Beach, CA",Los Angeles,Long Beach,2013-06-20,Parts per billion,13.445454999999999,Parts per million,0.026292000000000003,Parts per billion,0.6,Parts per million,0.322727
5228,4006,"2425 Webster St., Long Beach, CA",Los Angeles,Long Beach,2013-06-21,Parts per billion,9.859091000000001,Parts per million,0.028207999999999997,Parts per billion,0.418182,Parts per million,0.318182
5232,4006,"2425 Webster St., Long Beach, CA",Los Angeles,Long Beach,2013-06-22,Parts per billion,4.713636,Parts per million,0.034582999999999996,Parts per billion,0.072727,Parts per million,0.295455
5236,4006,"2425 Webster St., Long Beach, CA",Los Angeles,Long Beach,2013-06-23,Parts per billion,4.086364,Parts per million,0.033458,Parts per billion,0.340909,Parts per million,0.3
5240,4006,"2425 Webster St., Long Beach, CA",Los Angeles,Long Beach,2013-06-24,Parts per billion,6.522727,Parts per million,0.0215,Parts per billion,0.104545,Parts per million,0.286364
5244,4006,"2425 Webster St., Long Beach, CA",Los Angeles,Long Beach,2013-06-25,Parts per billion,11.227273,Parts per million,0.01,Parts per billion,0.122727,Parts per million,0.295455
5248,4006,"2425 Webster St., Long Beach, CA",Los Angeles,Long Beach,2013-06-26,Parts per billion,15.754545000000002,Parts per million,0.012667,Parts per billion,0.47727299999999995,Parts per million,0.331818
5252,4006,"2425 Webster St., Long Beach, CA",Los Angeles,Long Beach,2013-06-27,Parts per billion,15.763635999999998,Parts per million,0.011167,Parts per billion,0.604545,Parts per million,0.322727
5256,4006,"2425 Webster St., Long Beach, CA",Los Angeles,Long Beach,2013-06-28,Parts per billion,21.586364,Parts per million,0.015041999999999998,Parts per billion,1.65,Parts per million,0.377273
5260,4006,"2425 Webster St., Long Beach, CA",Los Angeles,Long Beach,2013-06-29,Parts per billion,20.345454999999998,Parts per million,0.029375,Parts per billion,1.254545,Parts per million,0.409091
5264,4006,"2425 Webster St., Long Beach, CA",Los Angeles,Long Beach,2013-06-30,Parts per billion,7.804545,Parts per million,0.022000000000000002,Parts per billion,0.090909,Parts per million,0.30454499999999995
5268,4006,"2425 Webster St., Long Beach, CA",Los Angeles,Long Beach,2013-07-01,Parts per billion,14.040909,Parts per million,0.011583,Parts per billion,0.327273,Parts per million,0.327273
5272,4006,"2425 Webster St., Long Beach, CA",Los Angeles,Long Beach,2013-07-02,Parts per billion,13.909091,Parts per million,0.0125,Parts per billion,0.43636400000000003,Parts per million,0.327273
5276,4006,"2425 Webster St., Long Beach, CA",Los Angeles,Long Beach,2013-07-03,Parts per billion,17.445455,Parts per million,0.015375,Parts per billion,0.840909,Parts per million,0.377273
5280,4006,"2425 Webster St., Long Beach, CA",Los Angeles,Long Beach,2013-07-04,Parts per billion,10.259091,Parts per million,0.018167,Parts per billion,0.540909,Parts per million,0.30454499999999995
5284,4006,"2425 Webster St., Long Beach, CA",Los Angeles,Long Beach,2013-07-05,Parts per billion,7.181817999999999,Parts per million,0.017458,Parts per billion,0.25454499999999997,Parts per million,0.3
5288,4006,"2425 Webster St., Long Beach, CA",Los Angeles,Long Beach,2013-07-06,Parts per billion,6.890909,Parts per million,0.023,Parts per billion,0.240909,Parts per million,0.3
5292,4006,"2425 Webster St., Long Beach, CA",Los Angeles,Long Beach,2013-07-07,Parts per billion,8.018182000000001,Parts per million,0.027458,Parts per billion,0.295455,Parts per million,0.3
5296,4006,"2425 Webster St., Long Beach, CA",Los Angeles,Long Beach,2013-07-08,Parts per billion,17.277273,Parts per million,0.020291999999999998,Parts per billion,1.140909,Parts per million,0.386364
5300,4006,"2425 Webster St., Long Beach, CA",Los Angeles,Long Beach,2013-07-09,Parts per billion,17.709091,Parts per million,0.017667,Parts per billion,1.054545,Parts per million,0.372727
5304,4006,"2425 Webster St., Long Beach, CA",Los Angeles,Long Beach,2013-07-10,Parts per billion,18.304545,Parts per million,0.015958,Parts per billion,0.513636,Parts per million,0.386364
5308,4006,"2425 Webster St., Long Beach, CA",Los Angeles,Long Beach,2013-07-11,Parts per billion,14.568182,Parts per million,0.015708,Parts per billion,0.236364,Parts per million,0.354545
5312,4006,"2425 Webster St., Long Beach, CA",Los Angeles,Long Beach,2013-07-12,Parts per billion,10.395652,Parts per million,0.023208000000000003,Parts per billion,0.443478,Parts per million,0.308696
5316,4006,"2425 Webster St., Long Beach, CA",Los Angeles,Long Beach,2013-07-13,Parts per billion,12.068182,Parts per million,0.027542,Parts per billion,0.818182,Parts per million,0.30454499999999995
5320,4006,"2425 Webster St., Long Beach, CA",Los Angeles,Long Beach,2013-07-14,Parts per billion,10.618182000000001,Parts per million,0.031895,Parts per billion,1.740909,Parts per million,0.30454499999999995
5324,4006,"2425 Webster St., Long Beach, CA",Los Angeles,Long Beach,2013-07-18,Parts per billion,18.304545,Parts per million,0.019375,Parts per billion,0.627273,Parts per million,0.372727
5328,4006,"2425 Webster St., Long Beach, CA",Los Angeles,Long Beach,2013-07-19,Parts per billion,15.172726999999998,Parts per million,0.022708000000000002,Parts per billion,1.022727,Parts per million,0.359091
5332,4006,"2425 Webster St., Long Beach, CA",Los Angeles,Long Beach,2013-07-20,Parts per billion,8.518182000000001,Parts per million,0.028082999999999997,Parts per billion,0.095455,Parts per million,0.30454499999999995
5336,4006,"2425 Webster St., Long Beach, CA",Los Angeles,Long Beach,2013-07-21,Parts per billion,9.372727000000001,Parts per million,0.022333000000000002,Parts per billion,0.009091,Parts per million,0.3
5340,4006,"2425 Webster St., Long Beach, CA",Los Angeles,Long Beach,2013-07-22,Parts per billion,15.527273000000001,Parts per million,0.0195,Parts per billion,0.904545,Parts per million,0.322727
5344,4006,"2425 Webster St., Long Beach, CA",Los Angeles,Long Beach,2013-07-23,Parts per billion,12.704545,Parts per million,0.02075,Parts per billion,0.468182,Parts per million,0.318182
5348,4006,"2425 Webster St., Long Beach, CA",Los Angeles,Long Beach,2013-07-24,Parts per billion,11.340909,Parts per million,0.018167,Parts per billion,0.236364,Parts per million,0.309091
5352,4006,"2425 Webster St., Long Beach, CA",Los Angeles,Long Beach,2013-07-25,Parts per billion,13.431818,Parts per million,0.017583,Parts per billion,1.186364,Parts per million,0.322727
5356,4006,"2425 Webster St., Long Beach, CA",Los Angeles,Long Beach,2013-07-26,Parts per billion,13.013636,Parts per million,0.019167,Parts per billion,0.418182,Parts per million,0.327273
5360,4006,"2425 Webster St., Long Beach, CA",Los Angeles,Long Beach,2013-07-27,Parts per billion,10.077273,Parts per million,0.023583,Parts per billion,0.704545,Parts per million,0.313636
5364,4006,"2425 Webster St., Long Beach, CA",Los Angeles,Long Beach,2013-07-28,Parts per billion,7.127273,Parts per million,0.028457999999999997,Parts per billion,0.45909099999999997,Parts per million,0.3
5368,4006,"2425 Webster St., Long Beach, CA",Los Angeles,Long Beach,2013-07-29,Parts per billion,9.086364,Parts per million,0.027083,Parts per billion,0.309091,Parts per million,0.309091
5372,4006,"2425 Webster St., Long Beach, CA",Los Angeles,Long Beach,2013-07-30,Parts per billion,12.868182000000001,Parts per million,0.024541999999999998,Parts per billion,0.11363599999999999,Parts per million,0.327273
5376,4006,"2425 Webster St., Long Beach, CA",Los Angeles,Long Beach,2013-07-31,Parts per billion,11.695455,Parts per million,0.025292,Parts per billion,0.186364,Parts per million,0.313636
5380,4006,"2425 Webster St., Long Beach, CA",Los Angeles,Long Beach,2013-08-01,Parts per billion,14.85,Parts per million,0.025958,Parts per billion,0.395455,Parts per million,0.35
5384,4006,"2425 Webster St., Long Beach, CA",Los Angeles,Long Beach,2013-08-02,Parts per billion,9.918182,Parts per million,0.037417,Parts per billion,0.336364,Parts per million,0.30454499999999995
5388,4006,"2425 Webster St., Long Beach, CA",Los Angeles,Long Beach,2013-08-03,Parts per billion,7.554545,Parts per million,0.036375,Parts per billion,0.17727300000000001,Parts per million,0.3
5392,4006,"2425 Webster St., Long Beach, CA",Los Angeles,Long Beach,2013-08-04,Parts per billion,11.981817999999999,Parts per million,0.031,Parts per billion,0.086364,Parts per million,0.327273
5396,4006,"2425 Webster St., Long Beach, CA",Los Angeles,Long Beach,2013-08-05,Parts per billion,16.340909,Parts per million,0.02325,Parts per billion,0.3,Parts per million,0.345455
5400,4006,"2425 Webster St., Long Beach, CA",Los Angeles,Long Beach,2013-08-06,Parts per billion,12.95,Parts per million,0.025875,Parts per billion,0.168182,Parts per million,0.313636
5404,4006,"2425 Webster St., Long Beach, CA",Los Angeles,Long Beach,2013-08-07,Parts per billion,12.636364,Parts per million,0.020791999999999998,Parts per billion,0.468182,Parts per million,0.3
5408,4006,"2425 Webster St., Long Beach, CA",Los Angeles,Long Beach,2013-08-08,Parts per billion,13.168182,Parts per million,0.014916999999999998,Parts per billion,0.772727,Parts per million,0.318182
5412,4006,"2425 Webster St., Long Beach, CA",Los Angeles,Long Beach,2013-08-09,Parts per billion,12.840909,Parts per million,0.019583,Parts per billion,0.6409090000000001,Parts per million,0.331818
5416,4006,"2425 Webster St., Long Beach, CA",Los Angeles,Long Beach,2013-08-10,Parts per billion,7.16,Parts per million,0.02525,Parts per billion,0.07333300000000001,Parts per million,0.32
5420,4006,"2425 Webster St., Long Beach, CA",Los Angeles,Long Beach,2013-08-11,Parts per billion,8.986364,Parts per million,0.0235,Parts per billion,0.404545,Parts per million,0.318182
5424,4006,"2425 Webster St., Long Beach, CA",Los Angeles,Long Beach,2013-08-12,Parts per billion,11.6,Parts per million,0.024708,Parts per billion,0.25454499999999997,Parts per million,0.309091
5428,4006,"2425 Webster St., Long Beach, CA",Los Angeles,Long Beach,2013-08-13,Parts per billion,13.958824,Parts per million,0.025071,Parts per billion,0.647059,Parts per million,0.358824
5432,4006,"2425 Webster St., Long Beach, CA",Los Angeles,Long Beach,2013-08-14,Parts per billion,13.32,Parts per million,0.0348,Parts per billion,1.66,Parts per million,0.35
5436,4006,"2425 Webster St., Long Beach, CA",Los Angeles,Long Beach,2013-08-15,Parts per billion,14.436364000000001,Parts per million,0.02775,Parts per billion,1.590909,Parts per million,0.355556
5440,4006,"2425 Webster St., Long Beach, CA",Los Angeles,Long Beach,2013-08-22,Parts per billion,18.8,Parts per million,0.012292,Parts per billion,1.590909,Parts per million,0.328571
5444,4006,"2425 Webster St., Long Beach, CA",Los Angeles,Long Beach,2013-08-23,Parts per billion,21.690909,Parts per million,0.016875,Parts per billion,2.045455,Parts per million,0.43636400000000003
5448,4006,"2425 Webster St., Long Beach, CA",Los Angeles,Long Beach,2013-08-24,Parts per billion,16.859091,Parts per million,0.023458,Parts per billion,1.959091,Parts per million,0.386364
5452,4006,"2425 Webster St., Long Beach, CA",Los Angeles,Long Beach,2013-08-25,Parts per billion,19.027273,Parts per million,0.020375,Parts per billion,1.981818,Parts per million,0.386364
5456,4006,"2425 Webster St., Long Beach, CA",Los Angeles,Long Beach,2013-08-26,Parts per billion,20.409091,Parts per million,0.017125,Parts per billion,2.6272729999999997,Parts per million,0.386364
5460,4006,"2425 Webster St., Long Beach, CA",Los Angeles,Long Beach,2013-08-27,Parts per billion,21.427273,Parts per million,0.012833,Parts per billion,1.9636360000000002,Parts per million,0.363636
5464,4006,"2425 Webster St., Long Beach, CA",Los Angeles,Long Beach,2013-08-28,Parts per billion,24.222727,Parts per million,0.017208,Parts per billion,2.3772729999999997,Parts per million,0.41363599999999995
5468,4006,"2425 Webster St., Long Beach, CA",Los Angeles,Long Beach,2013-08-29,Parts per billion,25.772727,Parts per million,0.015333000000000001,Parts per billion,2.318182,Parts per million,0.43181800000000004
5472,4006,"2425 Webster St., Long Beach, CA",Los Angeles,Long Beach,2013-08-30,Parts per billion,24.154545000000002,Parts per million,0.015333000000000001,Parts per billion,1.540909,Parts per million,0.409091
5476,4006,"2425 Webster St., Long Beach, CA",Los Angeles,Long Beach,2013-08-31,Parts per billion,15.45,Parts per million,0.019791999999999997,Parts per billion,1.7227270000000001,Parts per million,0.340909
5480,4006,"2425 Webster St., Long Beach, CA",Los Angeles,Long Beach,2013-09-01,Parts per billion,6.959091,Parts per million,0.017333,Parts per billion,1.231818,Parts per million,0.3
5484,4006,"2425 Webster St., Long Beach, CA",Los Angeles,Long Beach,2013-09-02,Parts per billion,8.245455,Parts per million,0.015166999999999998,Parts per billion,1.4727270000000001,Parts per million,0.3
5488,4006,"2425 Webster St., Long Beach, CA",Los Angeles,Long Beach,2013-09-03,Parts per billion,21.559091,Parts per million,0.011125,Parts per billion,2.268182,Parts per million,0.381818
5492,4006,"2425 Webster St., Long Beach, CA",Los Angeles,Long Beach,2013-09-04,Parts per billion,26.436364,Parts per million,0.016833,Parts per billion,1.986364,Parts per million,0.44545500000000005
5496,4006,"2425 Webster St., Long Beach, CA",Los Angeles,Long Beach,2013-09-05,Parts per billion,26.504545,Parts per million,0.0175,Parts per billion,1.981818,Parts per million,0.45
5500,4006,"2425 Webster St., Long Beach, CA",Los Angeles,Long Beach,2013-09-06,Parts per billion,27.968182000000002,Parts per million,0.020166999999999997,Parts per billion,2.7,Parts per million,0.47727299999999995
5504,4006,"2425 Webster St., Long Beach, CA",Los Angeles,Long Beach,2013-09-07,Parts per billion,20.963635999999997,Parts per million,0.024041999999999997,Parts per billion,2.336364,Parts per million,0.418182
5508,4006,"2425 Webster St., Long Beach, CA",Los Angeles,Long Beach,2013-09-08,Parts per billion,12.554545,Parts per million,0.02475,Parts per billion,2.1863639999999998,Parts per million,0.336364
5512,4006,"2425 Webster St., Long Beach, CA",Los Angeles,Long Beach,2013-09-09,Parts per billion,15.059091,Parts per million,0.019458,Parts per billion,1.554545,Parts per million,0.35
5516,4006,"2425 Webster St., Long Beach, CA",Los Angeles,Long Beach,2013-09-10,Parts per billion,15.131817999999999,Parts per million,0.020458,Parts per billion,1.445455,Parts per million,0.336364
5520,4006,"2425 Webster St., Long Beach, CA",Los Angeles,Long Beach,2013-09-11,Parts per billion,14.7,Parts per million,0.023708,Parts per billion,1.2136360000000002,Parts per million,0.331818
5524,4006,"2425 Webster St., Long Beach, CA",Los Angeles,Long Beach,2013-09-12,Parts per billion,20.722727,Parts per million,0.020291999999999998,Parts per billion,1.790909,Parts per million,0.404545
5528,4006,"2425 Webster St., Long Beach, CA",Los Angeles,Long Beach,2013-09-13,Parts per billion,23.65,Parts per million,0.01575,Parts per billion,2.045455,Parts per million,0.486364
5532,4006,"2425 Webster St., Long Beach, CA",Los Angeles,Long Beach,2013-09-14,Parts per billion,19.927273,Parts per million,0.02375,Parts per billion,1.822727,Parts per million,0.386364
5536,4006,"2425 Webster St., Long Beach, CA",Los Angeles,Long Beach,2013-09-15,Parts per billion,15.895454999999998,Parts per million,0.02575,Parts per billion,1.795455,Parts per million,0.363636
5540,4006,"2425 Webster St., Long Beach, CA",Los Angeles,Long Beach,2013-09-16,Parts per billion,24.081818,Parts per million,0.016041999999999997,Parts per billion,1.309091,Parts per million,0.486364
5544,4006,"2425 Webster St., Long Beach, CA",Los Angeles,Long Beach,2013-09-17,Parts per billion,13.277273000000001,Parts per million,0.030167000000000003,Parts per billion,1.1,Parts per million,0.345455
5548,4006,"2425 Webster St., Long Beach, CA",Los Angeles,Long Beach,2013-09-18,Parts per billion,10.595455000000001,Parts per million,0.02825,Parts per billion,1.136364,Parts per million,0.327273
5552,4006,"2425 Webster St., Long Beach, CA",Los Angeles,Long Beach,2013-09-19,Parts per billion,17.45,Parts per million,0.030125,Parts per billion,1.568182,Parts per million,0.372727
5556,4006,"2425 Webster St., Long Beach, CA",Los Angeles,Long Beach,2013-09-20,Parts per billion,9.763636,Parts per million,0.038625,Parts per billion,1.136364,Parts per million,0.322727
5560,4006,"2425 Webster St., Long Beach, CA",Los Angeles,Long Beach,2013-09-21,Parts per billion,7.581817999999999,Parts per million,0.036417000000000005,Parts per billion,1.236364,Parts per million,0.309091
5564,4006,"2425 Webster St., Long Beach, CA",Los Angeles,Long Beach,2013-09-22,Parts per billion,14.418182,Parts per million,0.020666999999999998,Parts per billion,1.0863639999999999,Parts per million,0.4
5568,4006,"2425 Webster St., Long Beach, CA",Los Angeles,Long Beach,2013-09-23,Parts per billion,29.422727000000002,Parts per million,0.019958,Parts per billion,1.918182,Parts per million,0.590909
5572,4006,"2425 Webster St., Long Beach, CA",Los Angeles,Long Beach,2013-09-24,Parts per billion,32.127272999999995,Parts per million,0.023333,Parts per billion,1.831818,Parts per million,0.531818
5576,4006,"2425 Webster St., Long Beach, CA",Los Angeles,Long Beach,2013-09-25,Parts per billion,10.536364,Parts per million,0.027083,Parts per billion,1.045455,Parts per million,0.322727
5580,4006,"2425 Webster St., Long Beach, CA",Los Angeles,Long Beach,2013-09-26,Parts per billion,16.995455,Parts per million,0.019708,Parts per billion,1.590909,Parts per million,0.422727
5584,4006,"2425 Webster St., Long Beach, CA",Los Angeles,Long Beach,2013-09-27,Parts per billion,25.359091,Parts per million,0.019417,Parts per billion,1.431818,Parts per million,0.6090909999999999
5588,4006,"2425 Webster St., Long Beach, CA",Los Angeles,Long Beach,2013-09-28,Parts per billion,25.109091,Parts per million,0.025458,Parts per billion,1.5,Parts per million,0.695455
5592,4006,"2425 Webster St., Long Beach, CA",Los Angeles,Long Beach,2013-09-29,Parts per billion,22.795455,Parts per million,0.026625,Parts per billion,1.927273,Parts per million,0.586364
5596,4006,"2425 Webster St., Long Beach, CA",Los Angeles,Long Beach,2013-09-30,Parts per billion,27.322727,Parts per million,0.0175,Parts per billion,1.995455,Parts per million,0.5
5600,4006,"2425 Webster St., Long Beach, CA",Los Angeles,Long Beach,2013-10-01,Parts per billion,10.459091,Parts per million,0.027833,Parts per billion,1.104545,Parts per million,0.345455
5604,4006,"2425 Webster St., Long Beach, CA",Los Angeles,Long Beach,2013-10-02,Parts per billion,10.554545,Parts per million,0.027708,Parts per billion,1.104545,Parts per million,0.327273
5608,4006,"2425 Webster St., Long Beach, CA",Los Angeles,Long Beach,2013-10-03,Parts per billion,16.572727,Parts per million,0.026542000000000003,Parts per billion,1.1545450000000002,Parts per million,0.386364
5612,4006,"2425 Webster St., Long Beach, CA",Los Angeles,Long Beach,2013-10-04,Parts per billion,22.659091,Parts per million,0.023708,Parts per billion,1.3454549999999998,Parts per million,0.513636
5616,4006,"2425 Webster St., Long Beach, CA",Los Angeles,Long Beach,2013-10-05,Parts per billion,25.277273,Parts per million,0.022875,Parts per billion,1.5,Parts per million,0.722727
5620,4006,"2425 Webster St., Long Beach, CA",Los Angeles,Long Beach,2013-10-06,Parts per billion,23.336364,Parts per million,0.031409,Parts per billion,1.5363639999999998,Parts per million,0.627273
5624,4006,"2425 Webster St., Long Beach, CA",Los Angeles,Long Beach,2013-10-07,Parts per billion,34.581818,Parts per million,0.019389,Parts per billion,2.545455,Parts per million,0.704545
5628,4006,"2425 Webster St., Long Beach, CA",Los Angeles,Long Beach,2013-10-08,Parts per billion,16.245455,Parts per million,0.0351,Parts per billion,1.113636,Parts per million,0.468182
5632,4006,"2425 Webster St., Long Beach, CA",Los Angeles,Long Beach,2013-10-09,Parts per billion,10.154544999999999,Parts per million,0.026375,Parts per billion,1.063636,Parts per million,0.318182
5636,4006,"2425 Webster St., Long Beach, CA",Los Angeles,Long Beach,2013-10-10,Parts per billion,20.904545000000002,Parts per million,0.0201,Parts per billion,1.113636,Parts per million,0.49090900000000004
5640,4006,"2425 Webster St., Long Beach, CA",Los Angeles,Long Beach,2013-10-11,Parts per billion,23.772727,Parts per million,0.018318,Parts per billion,1.5363639999999998,Parts per million,0.636364
5644,4006,"2425 Webster St., Long Beach, CA",Los Angeles,Long Beach,2013-10-12,Parts per billion,17.868182,Parts per million,0.020125,Parts per billion,1.481818,Parts per million,0.5772729999999999
5648,4006,"2425 Webster St., Long Beach, CA",Los Angeles,Long Beach,2013-10-13,Parts per billion,13.895454999999998,Parts per million,0.023458,Parts per billion,1.0,Parts per million,0.422727
5652,4006,"2425 Webster St., Long Beach, CA",Los Angeles,Long Beach,2013-10-14,Parts per billion,30.681818,Parts per million,0.019,Parts per billion,1.263636,Parts per million,0.645455
5656,4006,"2425 Webster St., Long Beach, CA",Los Angeles,Long Beach,2013-10-15,Parts per billion,36.468182,Parts per million,0.01995,Parts per billion,1.322727,Parts per million,0.7681819999999999
5660,4006,"2425 Webster St., Long Beach, CA",Los Angeles,Long Beach,2013-10-16,Parts per billion,37.236364,Parts per million,0.020833,Parts per billion,1.7863639999999998,Parts per million,0.745455
5664,4006,"2425 Webster St., Long Beach, CA",Los Angeles,Long Beach,2013-10-17,Parts per billion,35.422727,Parts per million,0.021105000000000002,Parts per billion,1.813636,Parts per million,1.0
5668,4006,"2425 Webster St., Long Beach, CA",Los Angeles,Long Beach,2013-10-23,Parts per billion,17.628571,Parts per million,0.032958,Parts per billion,1.328571,Parts per million,0.4
5672,4006,"2425 Webster St., Long Beach, CA",Los Angeles,Long Beach,2013-10-24,Parts per billion,18.404545000000002,Parts per million,0.029958,Parts per billion,1.0272729999999999,Parts per million,0.381818
5676,4006,"2425 Webster St., Long Beach, CA",Los Angeles,Long Beach,2013-10-25,Parts per billion,23.463635999999997,Parts per million,0.02675,Parts per billion,1.3363639999999999,Parts per million,0.49090900000000004
5680,4006,"2425 Webster St., Long Beach, CA",Los Angeles,Long Beach,2013-10-26,Parts per billion,26.459090999999997,Parts per million,0.024938,Parts per billion,1.563636,Parts per million,0.6727270000000001
5684,4006,"2425 Webster St., Long Beach, CA",Los Angeles,Long Beach,2013-10-27,Parts per billion,15.709091,Parts per million,0.030869999999999998,Parts per billion,1.25,Parts per million,0.41363599999999995
5688,4006,"2425 Webster St., Long Beach, CA",Los Angeles,Long Beach,2013-10-28,Parts per billion,14.759091,Parts per million,0.0235,Parts per billion,1.127273,Parts per million,0.318182
5692,4006,"2425 Webster St., Long Beach, CA",Los Angeles,Long Beach,2013-10-29,Parts per billion,19.813636,Parts per million,0.01655,Parts per billion,1.127273,Parts per million,0.422727
5696,4006,"2425 Webster St., Long Beach, CA",Los Angeles,Long Beach,2013-10-30,Parts per billion,21.631818,Parts per million,0.015667,Parts per billion,1.822727,Parts per million,0.5772729999999999
5700,4006,"2425 Webster St., Long Beach, CA",Los Angeles,Long Beach,2013-10-31,Parts per billion,32.536364,Parts per million,0.01287,Parts per billion,1.395455,Parts per million,0.759091
5704,4006,"2425 Webster St., Long Beach, CA",Los Angeles,Long Beach,2013-11-01,Parts per billion,39.122727000000005,Parts per million,0.011042,Parts per billion,1.645455,Parts per million,0.9181819999999999
5708,4006,"2425 Webster St., Long Beach, CA",Los Angeles,Long Beach,2013-11-02,Parts per billion,27.631818,Parts per million,0.023125,Parts per billion,1.695455,Parts per million,0.809091
5712,4006,"2425 Webster St., Long Beach, CA",Los Angeles,Long Beach,2013-11-03,Parts per billion,7.422727,Parts per million,0.036458,Parts per billion,0.9863639999999999,Parts per million,0.331818
5716,4006,"2425 Webster St., Long Beach, CA",Los Angeles,Long Beach,2013-11-04,Parts per billion,13.118182000000001,Parts per million,0.023708,Parts per billion,1.009091,Parts per million,0.35
5720,4006,"2425 Webster St., Long Beach, CA",Los Angeles,Long Beach,2013-11-05,Parts per billion,34.563635999999995,Parts per million,0.010875,Parts per billion,1.627273,Parts per million,0.804545
5724,4006,"2425 Webster St., Long Beach, CA",Los Angeles,Long Beach,2013-11-06,Parts per billion,42.536364,Parts per million,0.006739,Parts per billion,2.35,Parts per million,0.85
5728,4006,"2425 Webster St., Long Beach, CA",Los Angeles,Long Beach,2013-11-07,Parts per billion,37.918182,Parts per million,0.009000000000000001,Parts per billion,2.222727,Parts per million,0.904545
5732,4006,"2425 Webster St., Long Beach, CA",Los Angeles,Long Beach,2013-11-08,Parts per billion,29.654545000000002,Parts per million,0.0119,Parts per billion,1.877273,Parts per million,0.840909
5736,4006,"2425 Webster St., Long Beach, CA",Los Angeles,Long Beach,2013-11-09,Parts per billion,22.078571,Parts per million,0.010875,Parts per billion,1.0071430000000001,Parts per million,0.592857
5740,4006,"2425 Webster St., Long Beach, CA",Los Angeles,Long Beach,2013-11-10,Parts per billion,26.645455,Parts per million,0.025111,Parts per billion,1.240909,Parts per million,0.6863640000000001
5744,4006,"2425 Webster St., Long Beach, CA",Los Angeles,Long Beach,2013-11-11,Parts per billion,39.395455,Parts per million,0.025308,Parts per billion,2.1863639999999998,Parts per million,0.9227270000000001
5748,4006,"2425 Webster St., Long Beach, CA",Los Angeles,Long Beach,2013-11-12,Parts per billion,48.786364,Parts per million,0.0035,Parts per billion,1.65,Parts per million,1.068182
5752,4006,"2425 Webster St., Long Beach, CA",Los Angeles,Long Beach,2013-11-13,Parts per billion,53.663636,Parts per million,0.006476000000000001,Parts per billion,2.354545,Parts per million,1.331818
5756,4006,"2425 Webster St., Long Beach, CA",Los Angeles,Long Beach,2013-11-14,Parts per billion,49.290909,Parts per million,0.010792,Parts per billion,2.768182,Parts per million,0.9818180000000001
5760,4006,"2425 Webster St., Long Beach, CA",Los Angeles,Long Beach,2013-11-15,Parts per billion,13.7,Parts per million,0.021292,Parts per billion,1.009091,Parts per million,0.377273
5764,4006,"2425 Webster St., Long Beach, CA",Los Angeles,Long Beach,2013-11-16,Parts per billion,16.518182,Parts per million,0.024,Parts per billion,1.0,Parts per million,0.44545500000000005
5768,4006,"2425 Webster St., Long Beach, CA",Los Angeles,Long Beach,2013-11-17,Parts per billion,17.836364,Parts per million,0.026470999999999998,Parts per billion,1.109091,Parts per million,0.540909
5772,4006,"2425 Webster St., Long Beach, CA",Los Angeles,Long Beach,2013-11-18,Parts per billion,23.063636,Parts per million,0.0205,Parts per billion,1.1,Parts per million,0.613636
5776,4006,"2425 Webster St., Long Beach, CA",Los Angeles,Long Beach,2013-11-19,Parts per billion,22.195455,Parts per million,0.017458,Parts per billion,1.0,Parts per million,0.359091
5780,4006,"2425 Webster St., Long Beach, CA",Los Angeles,Long Beach,2013-11-20,Parts per billion,21.109091,Parts per million,0.017542,Parts per billion,1.0863639999999999,Parts per million,0.45
5784,4006,"2425 Webster St., Long Beach, CA",Los Angeles,Long Beach,2013-11-21,Parts per billion,19.195455,Parts per million,0.013125,Parts per billion,0.995455,Parts per million,0.386364
5788,4006,"2425 Webster St., Long Beach, CA",Los Angeles,Long Beach,2013-11-22,Parts per billion,24.427273,Parts per million,0.00675,Parts per billion,1.045455,Parts per million,0.659091
5792,4006,"2425 Webster St., Long Beach, CA",Los Angeles,Long Beach,2013-11-23,Parts per billion,22.481818,Parts per million,0.012583,Parts per billion,1.422727,Parts per million,0.6
5796,4006,"2425 Webster St., Long Beach, CA",Los Angeles,Long Beach,2013-11-24,Parts per billion,22.945455,Parts per million,0.011417,Parts per billion,1.431818,Parts per million,0.722727
5800,4006,"2425 Webster St., Long Beach, CA",Los Angeles,Long Beach,2013-11-25,Parts per billion,35.2,Parts per million,0.008905,Parts per billion,1.5,Parts per million,0.972727
5804,4006,"2425 Webster St., Long Beach, CA",Los Angeles,Long Beach,2013-11-26,Parts per billion,49.509091,Parts per million,0.0029519999999999998,Parts per billion,1.854545,Parts per million,1.136364
5808,4006,"2425 Webster St., Long Beach, CA",Los Angeles,Long Beach,2013-11-27,Parts per billion,43.781818,Parts per million,0.0115,Parts per billion,2.195455,Parts per million,1.209091
5812,4006,"2425 Webster St., Long Beach, CA",Los Angeles,Long Beach,2013-11-28,Parts per billion,21.004545,Parts per million,0.019348,Parts per billion,1.045455,Parts per million,0.7
5816,4006,"2425 Webster St., Long Beach, CA",Los Angeles,Long Beach,2013-11-29,Parts per billion,32.613636,Parts per million,0.003824,Parts per billion,1.0318180000000001,Parts per million,0.909091
5820,4006,"2425 Webster St., Long Beach, CA",Los Angeles,Long Beach,2013-11-30,Parts per billion,23.772727,Parts per million,0.0134,Parts per billion,1.377273,Parts per million,0.9545450000000001
5824,4006,"2425 Webster St., Long Beach, CA",Los Angeles,Long Beach,2013-12-01,Parts per billion,28.15,Parts per million,0.014722,Parts per billion,1.4,Parts per million,0.809091
5828,4006,"2425 Webster St., Long Beach, CA",Los Angeles,Long Beach,2013-12-02,Parts per billion,46.777273,Parts per million,0.00225,Parts per billion,2.231818,Parts per million,1.290909
5832,4006,"2425 Webster St., Long Beach, CA",Los Angeles,Long Beach,2013-12-03,Parts per billion,22.109091,Parts per million,0.025158,Parts per billion,1.2818180000000001,Parts per million,0.718182
5836,4006,"2425 Webster St., Long Beach, CA",Los Angeles,Long Beach,2013-12-04,Parts per billion,28.572727,Parts per million,0.014227000000000002,Parts per billion,1.9636360000000002,Parts per million,0.6090909999999999
5840,4006,"2425 Webster St., Long Beach, CA",Los Angeles,Long Beach,2013-12-05,Parts per billion,30.095454999999998,Parts per million,0.01665,Parts per billion,1.2863639999999998,Parts per million,0.47727299999999995
5844,4006,"2425 Webster St., Long Beach, CA",Los Angeles,Long Beach,2013-12-06,Parts per billion,29.966666999999998,Parts per million,0.014303999999999999,Parts per billion,1.290476,Parts per million,0.5428569999999999
5848,4006,"2425 Webster St., Long Beach, CA",Los Angeles,Long Beach,2013-12-07,Parts per billion,22.968182000000002,Parts per million,0.0192,Parts per billion,1.0863639999999999,Parts per million,0.613636
5852,4006,"2425 Webster St., Long Beach, CA",Los Angeles,Long Beach,2013-12-08,Parts per billion,25.481818,Parts per million,0.009167,Parts per billion,1.313636,Parts per million,0.972727
5856,4006,"2425 Webster St., Long Beach, CA",Los Angeles,Long Beach,2013-12-09,Parts per billion,35.445454999999995,Parts per million,0.008667,Parts per billion,1.5,Parts per million,0.995455
5860,4006,"2425 Webster St., Long Beach, CA",Los Angeles,Long Beach,2013-12-10,Parts per billion,43.43,Parts per million,0.005381,Parts per billion,1.73,Parts per million,0.875
5864,4006,"2425 Webster St., Long Beach, CA",Los Angeles,Long Beach,2013-12-11,Parts per billion,42.545455,Parts per million,0.0069,Parts per billion,2.704545,Parts per million,0.9181819999999999
5868,4006,"2425 Webster St., Long Beach, CA",Los Angeles,Long Beach,2013-12-12,Parts per billion,37.495652,Parts per million,0.00545,Parts per billion,2.0217389999999997,Parts per million,1.0782610000000001
5872,4006,"2425 Webster St., Long Beach, CA",Los Angeles,Long Beach,2013-12-13,Parts per billion,32.765217,Parts per million,0.007826000000000001,Parts per billion,1.556522,Parts per million,1.186667
5876,4006,"2425 Webster St., Long Beach, CA",Los Angeles,Long Beach,2013-12-18,Parts per billion,32.990476,Parts per million,0.015158000000000001,Parts per billion,1.509524,Parts per million,0.425
5880,4006,"2425 Webster St., Long Beach, CA",Los Angeles,Long Beach,2013-12-19,Parts per billion,22.795652,Parts per million,0.013999999999999999,Parts per billion,1.06087,Parts per million,0.5
5884,4006,"2425 Webster St., Long Beach, CA",Los Angeles,Long Beach,2013-12-20,Parts per billion,28.421739000000002,Parts per million,0.008,Parts per billion,1.408696,Parts per million,1.06087
5888,4006,"2425 Webster St., Long Beach, CA",Los Angeles,Long Beach,2013-12-21,Parts per billion,22.808695999999998,Parts per million,0.014737,Parts per billion,1.0130430000000001,Parts per million,0.8347829999999999
5892,4006,"2425 Webster St., Long Beach, CA",Los Angeles,Long Beach,2013-12-22,Parts per billion,28.326087,Parts per million,0.010292,Parts per billion,1.6652169999999997,Parts per million,1.0782610000000001
5896,4006,"2425 Webster St., Long Beach, CA",Los Angeles,Long Beach,2013-12-23,Parts per billion,45.272727,Parts per million,0.00645,Parts per billion,1.922727,Parts per million,1.122727
5900,4006,"2425 Webster St., Long Beach, CA",Los Angeles,Long Beach,2013-12-24,Parts per billion,43.45,Parts per million,0.00465,Parts per billion,2.136364,Parts per million,0.9818180000000001
5904,4006,"2425 Webster St., Long Beach, CA",Los Angeles,Long Beach,2013-12-25,Parts per billion,31.386957000000002,Parts per million,0.012773,Parts per billion,1.773913,Parts per million,1.134783
5908,4006,"2425 Webster St., Long Beach, CA",Los Angeles,Long Beach,2013-12-26,Parts per billion,45.034783000000004,Parts per million,0.009684,Parts per billion,1.813043,Parts per million,0.965217
5912,4006,"2425 Webster St., Long Beach, CA",Los Angeles,Long Beach,2013-12-27,Parts per billion,51.365217,Parts per million,0.005174,Parts per billion,2.356522,Parts per million,1.121739
5916,4006,"2425 Webster St., Long Beach, CA",Los Angeles,Long Beach,2013-12-28,Parts per billion,29.491304,Parts per million,0.01325,Parts per billion,1.4869569999999999,Parts per million,1.108696
5920,4006,"2425 Webster St., Long Beach, CA",Los Angeles,Long Beach,2013-12-29,Parts per billion,32.173913,Parts per million,0.0114,Parts per billion,1.452174,Parts per million,0.921739
5924,4006,"2425 Webster St., Long Beach, CA",Los Angeles,Long Beach,2013-12-30,Parts per billion,42.659091,Parts per million,0.006357,Parts per billion,1.936364,Parts per million,1.136364
5928,4006,"2425 Webster St., Long Beach, CA",Los Angeles,Long Beach,2013-12-31,Parts per billion,48.557142999999996,Parts per million,0.003647,Parts per billion,3.1238099999999998,Parts per million,1.47619
